-- Generation time: Mon, 14 Dec 2020 16:32:33 +0000
-- Host: mysql.hostinger.ro
-- DB name: u574849695_22
/*!40030 SET NAMES UTF8 */;
/*!40101 SET @OLD_CHARACTER_SET_CLIENT=@@CHARACTER_SET_CLIENT */;
/*!40101 SET @OLD_CHARACTER_SET_RESULTS=@@CHARACTER_SET_RESULTS */;
/*!40101 SET @OLD_COLLATION_CONNECTION=@@COLLATION_CONNECTION */;
/*!40103 SET @OLD_TIME_ZONE=@@TIME_ZONE */;
/*!40103 SET TIME_ZONE='+00:00' */;
/*!40014 SET @OLD_UNIQUE_CHECKS=@@UNIQUE_CHECKS, UNIQUE_CHECKS=0 */;
/*!40014 SET @OLD_FOREIGN_KEY_CHECKS=@@FOREIGN_KEY_CHECKS, FOREIGN_KEY_CHECKS=0 */;
/*!40101 SET @OLD_SQL_MODE=@@SQL_MODE, SQL_MODE='NO_AUTO_VALUE_ON_ZERO' */;
/*!40111 SET @OLD_SQL_NOTES=@@SQL_NOTES, SQL_NOTES=0 */;

DROP TABLE IF EXISTS `communities`;
CREATE TABLE `communities` (
  `id` bigint(20) unsigned NOT NULL AUTO_INCREMENT,
  `name` varchar(150) COLLATE utf8_unicode_ci DEFAULT NULL,
  `admin_user_id` bigint(20) unsigned NOT NULL,
  UNIQUE KEY `id` (`id`),
  KEY `communities_name_idx` (`name`),
  KEY `admin_user_id` (`admin_user_id`),
  CONSTRAINT `communities_ibfk_1` FOREIGN KEY (`admin_user_id`) REFERENCES `users` (`id`)
) ENGINE=InnoDB AUTO_INCREMENT=101 DEFAULT CHARSET=utf8 COLLATE=utf8_unicode_ci;

INSERT INTO `communities` VALUES ('1','voluptas','1'),
('2','porro','2'),
('3','nostrum','3'),
('4','facere','4'),
('5','voluptatem','5'),
('6','eaque','6'),
('7','omnis','7'),
('8','qui','8'),
('9','voluptatem','9'),
('10','laudantium','10'),
('11','beatae','11'),
('12','nisi','12'),
('13','ad','13'),
('14','maxime','14'),
('15','nam','15'),
('16','quas','16'),
('17','saepe','17'),
('18','eum','18'),
('19','natus','19'),
('20','molestiae','20'),
('21','qui','21'),
('22','rerum','22'),
('23','aliquam','23'),
('24','dignissimos','24'),
('25','placeat','25'),
('26','eveniet','26'),
('27','enim','27'),
('28','quia','28'),
('29','explicabo','29'),
('30','nihil','30'),
('31','iure','31'),
('32','ut','32'),
('33','et','33'),
('34','pariatur','34'),
('35','ut','35'),
('36','similique','36'),
('37','aperiam','37'),
('38','excepturi','38'),
('39','consequatur','39'),
('40','voluptatem','40'),
('41','maiores','41'),
('42','inventore','42'),
('43','harum','43'),
('44','odio','44'),
('45','nulla','45'),
('46','quos','46'),
('47','culpa','47'),
('48','qui','48'),
('49','odit','49'),
('50','corporis','50'),
('51','reiciendis','51'),
('52','modi','52'),
('53','earum','53'),
('54','eum','54'),
('55','eius','55'),
('56','modi','56'),
('57','aut','57'),
('58','sequi','58'),
('59','et','59'),
('60','et','60'),
('61','doloribus','61'),
('62','sint','62'),
('63','quae','63'),
('64','nulla','64'),
('65','non','65'),
('66','qui','66'),
('67','atque','67'),
('68','eveniet','68'),
('69','nobis','69'),
('70','at','70'),
('71','rerum','71'),
('72','et','72'),
('73','enim','73'),
('74','reprehenderit','74'),
('75','in','75'),
('76','nemo','76'),
('77','quisquam','77'),
('78','dolore','78'),
('79','corrupti','79'),
('80','cumque','80'),
('81','cumque','81'),
('82','soluta','82'),
('83','veniam','83'),
('84','reprehenderit','84'),
('85','ea','85'),
('86','repellendus','86'),
('87','omnis','87'),
('88','corporis','88'),
('89','dolorem','89'),
('90','molestias','90'),
('91','voluptatem','91'),
('92','at','92'),
('93','accusantium','93'),
('94','quia','94'),
('95','praesentium','95'),
('96','modi','96'),
('97','nesciunt','97'),
('98','exercitationem','98'),
('99','voluptatem','99'),
('100','harum','100'); 


DROP TABLE IF EXISTS `friend_requests`;
CREATE TABLE `friend_requests` (
  `initiator_user_id` bigint(20) unsigned NOT NULL,
  `target_user_id` bigint(20) unsigned NOT NULL,
  `status` enum('requested','approved','unfriended','declined') COLLATE utf8_unicode_ci DEFAULT NULL,
  `requested_at` datetime DEFAULT current_timestamp(),
  `updated_at` datetime DEFAULT NULL ON UPDATE current_timestamp(),
  PRIMARY KEY (`initiator_user_id`,`target_user_id`),
  KEY `target_user_id` (`target_user_id`),
  CONSTRAINT `friend_requests_ibfk_1` FOREIGN KEY (`initiator_user_id`) REFERENCES `users` (`id`),
  CONSTRAINT `friend_requests_ibfk_2` FOREIGN KEY (`target_user_id`) REFERENCES `users` (`id`),
  CONSTRAINT `CONSTRAINT_1` CHECK (`initiator_user_id` <> `target_user_id`)
) ENGINE=InnoDB DEFAULT CHARSET=utf8 COLLATE=utf8_unicode_ci;



DROP TABLE IF EXISTS `likes`;
CREATE TABLE `likes` (
  `id` bigint(20) unsigned NOT NULL AUTO_INCREMENT,
  `user_id` bigint(20) unsigned NOT NULL,
  `media_id` bigint(20) unsigned NOT NULL,
  `created_at` datetime DEFAULT current_timestamp(),
  UNIQUE KEY `id` (`id`)
) ENGINE=InnoDB AUTO_INCREMENT=101 DEFAULT CHARSET=utf8 COLLATE=utf8_unicode_ci;

INSERT INTO `likes` VALUES ('1','1','1','1977-08-01 16:16:44'),
('2','2','2','1991-05-14 10:06:54'),
('3','3','3','1977-01-22 23:36:04'),
('4','4','4','2007-06-19 17:26:14'),
('5','5','5','2003-01-13 07:28:21'),
('6','6','6','2003-02-11 18:40:02'),
('7','7','7','2013-03-25 13:23:22'),
('8','8','8','1977-11-17 02:45:13'),
('9','9','9','1991-03-31 00:04:51'),
('10','10','10','1990-06-26 02:59:47'),
('11','11','11','2014-09-07 15:19:09'),
('12','12','12','1991-10-07 08:18:19'),
('13','13','13','1998-03-21 18:44:41'),
('14','14','14','2007-01-07 20:33:18'),
('15','15','15','1986-11-07 15:22:48'),
('16','16','16','2011-02-01 03:33:20'),
('17','17','17','1996-11-27 18:31:19'),
('18','18','18','1996-04-08 03:14:35'),
('19','19','19','2020-10-03 12:01:49'),
('20','20','20','1985-04-03 01:12:05'),
('21','21','21','1970-12-03 12:27:45'),
('22','22','22','2014-11-02 20:49:07'),
('23','23','23','2011-03-30 16:58:33'),
('24','24','24','1986-10-20 06:09:36'),
('25','25','25','2001-10-24 09:39:26'),
('26','26','26','2014-07-11 13:14:23'),
('27','27','27','1982-01-02 06:33:59'),
('28','28','28','1997-01-07 14:12:20'),
('29','29','29','2003-07-24 10:37:54'),
('30','30','30','2009-06-11 10:45:21'),
('31','31','31','1983-09-19 19:41:29'),
('32','32','32','1999-11-22 16:09:28'),
('33','33','33','2007-11-30 15:27:23'),
('34','34','34','1983-09-25 23:37:41'),
('35','35','35','1996-02-11 11:53:44'),
('36','36','36','1971-03-01 04:08:13'),
('37','37','37','2015-10-10 08:23:50'),
('38','38','38','1989-06-04 05:39:31'),
('39','39','39','1985-12-20 10:42:07'),
('40','40','40','1986-11-16 08:05:56'),
('41','41','41','1982-07-12 21:51:53'),
('42','42','42','2012-08-08 18:57:10'),
('43','43','43','1994-11-16 19:59:31'),
('44','44','44','2003-01-01 20:22:08'),
('45','45','45','2003-04-14 07:51:26'),
('46','46','46','1978-08-25 01:49:11'),
('47','47','47','1998-05-03 09:30:04'),
('48','48','48','1975-04-25 23:27:23'),
('49','49','49','2020-05-18 14:15:00'),
('50','50','50','1972-11-08 19:49:58'),
('51','51','51','1974-12-15 05:05:26'),
('52','52','52','1974-05-16 02:21:55'),
('53','53','53','2006-03-19 09:40:21'),
('54','54','54','2006-04-01 13:36:28'),
('55','55','55','1973-03-24 13:10:11'),
('56','56','56','2016-12-22 11:43:23'),
('57','57','57','1989-12-23 21:34:15'),
('58','58','58','1998-10-09 14:32:15'),
('59','59','59','2016-07-14 19:56:51'),
('60','60','60','2000-06-18 00:37:48'),
('61','61','61','2004-12-23 19:52:46'),
('62','62','62','1990-04-15 20:50:39'),
('63','63','63','2012-11-08 05:03:58'),
('64','64','64','1989-02-17 09:30:56'),
('65','65','65','2010-07-24 05:18:19'),
('66','66','66','1983-09-13 12:29:43'),
('67','67','67','1990-02-20 19:45:27'),
('68','68','68','2006-09-03 22:23:12'),
('69','69','69','2017-05-04 08:41:08'),
('70','70','70','2013-09-22 17:27:02'),
('71','71','71','1975-12-07 18:32:51'),
('72','72','72','1995-12-20 17:47:01'),
('73','73','73','2016-01-26 17:31:46'),
('74','74','74','1989-06-08 20:25:28'),
('75','75','75','1970-10-07 21:08:54'),
('76','76','76','2006-10-13 04:28:00'),
('77','77','77','2015-03-08 12:19:24'),
('78','78','78','1975-10-17 11:58:53'),
('79','79','79','2010-03-27 15:22:28'),
('80','80','80','1992-06-27 14:21:26'),
('81','81','81','1981-03-15 23:22:29'),
('82','82','82','1993-06-26 19:32:10'),
('83','83','83','2013-04-29 19:52:46'),
('84','84','84','1997-09-20 01:55:56'),
('85','85','85','1992-12-05 00:33:05'),
('86','86','86','1995-06-27 04:38:49'),
('87','87','87','1997-10-27 16:24:07'),
('88','88','88','2013-05-10 20:33:37'),
('89','89','89','2014-04-22 22:55:35'),
('90','90','90','1985-05-20 18:51:34'),
('91','91','91','2018-11-01 19:30:27'),
('92','92','92','1989-06-28 01:31:34'),
('93','93','93','1995-01-19 11:34:39'),
('94','94','94','2015-07-30 06:13:36'),
('95','95','95','2018-05-05 04:38:01'),
('96','96','96','1975-05-24 00:12:19'),
('97','97','97','2005-01-17 12:16:39'),
('98','98','98','2012-11-06 14:24:09'),
('99','99','99','1995-05-04 15:26:13'),
('100','100','100','1979-05-19 14:50:31'); 


DROP TABLE IF EXISTS `media`;
CREATE TABLE `media` (
  `id` bigint(20) unsigned NOT NULL AUTO_INCREMENT,
  `media_type_id` bigint(20) unsigned NOT NULL,
  `user_id` bigint(20) unsigned NOT NULL,
  `body` text COLLATE utf8_unicode_ci DEFAULT NULL,
  `filename` varchar(255) COLLATE utf8_unicode_ci DEFAULT NULL,
  `size` int(11) DEFAULT NULL,
  `metadata` longtext CHARACTER SET utf8mb4 COLLATE utf8mb4_bin DEFAULT NULL CHECK (json_valid(`metadata`)),
  `created_at` datetime DEFAULT current_timestamp(),
  `updated_at` datetime DEFAULT NULL ON UPDATE current_timestamp(),
  UNIQUE KEY `id` (`id`),
  KEY `user_id` (`user_id`),
  KEY `media_type_id` (`media_type_id`),
  CONSTRAINT `media_ibfk_1` FOREIGN KEY (`user_id`) REFERENCES `users` (`id`),
  CONSTRAINT `media_ibfk_2` FOREIGN KEY (`media_type_id`) REFERENCES `media_types` (`id`)
) ENGINE=InnoDB AUTO_INCREMENT=101 DEFAULT CHARSET=utf8 COLLATE=utf8_unicode_ci;

INSERT INTO `media` VALUES ('1','1','1','Aut autem dolor sit sit impedit fugit eos. Vero eos debitis provident nihil a beatae. Autem voluptas fugit est iure laudantium. Quia aut saepe tempore error eius.','aliquid','7',NULL,'2017-04-04 14:56:03','1982-11-20 06:31:13'),
('2','2','2','Nisi voluptatum tenetur magni in repellat omnis et. Itaque delectus eum sint nihil aperiam non similique laudantium. In dignissimos aspernatur incidunt.','veritatis','27',NULL,'2017-12-23 18:28:25','1987-11-14 11:59:37'),
('3','3','3','Sequi et aut laboriosam neque. Possimus quas saepe minus est quod. Quam qui dolorem fuga ipsam expedita ipsam. Quas veniam optio vitae cupiditate dolores.','velit','36753',NULL,'2003-09-13 18:48:13','1972-04-30 02:31:01'),
('4','4','4','Dolorem aut aut aut inventore iusto suscipit assumenda atque. Eveniet vel fugiat quia nesciunt et molestiae qui. Aut temporibus qui porro dicta perspiciatis aspernatur odit.','rerum','261',NULL,'2016-03-04 16:17:05','2001-11-14 07:30:13'),
('5','1','5','Voluptate eius et quo enim odio consequuntur. Blanditiis eos ipsam omnis molestiae nisi voluptatem. Ea quisquam deserunt amet voluptas.','numquam','862',NULL,'1989-01-11 16:32:50','2004-02-11 08:34:57'),
('6','2','6','Sint sed dolores non delectus eum eveniet. Voluptas repellendus molestiae vero sunt cumque voluptate reprehenderit. Vel tempore non similique omnis veniam dicta. Quibusdam omnis possimus numquam ut quia ad alias.','suscipit','39511',NULL,'1995-07-21 04:40:03','2020-08-11 05:11:05'),
('7','3','7','Omnis ducimus repellendus a autem dolore sint ducimus. Recusandae ea eos nihil eos. Dignissimos voluptatum qui qui et ab iusto. Hic et dolor nulla laudantium corporis omnis.','laboriosam','92051567',NULL,'2011-03-25 13:36:23','1971-02-22 08:22:36'),
('8','4','8','Ut et ut officiis qui qui voluptas. In aspernatur atque dolores fugit exercitationem dignissimos atque. Consequatur ut voluptatem ipsa. Accusamus quod repellendus quo nam. Perferendis inventore iure inventore dolores vel cum iusto.','commodi','31611997',NULL,'2014-10-20 19:16:33','1985-09-30 22:57:42'),
('9','1','9','In quo eveniet voluptatem. Et rerum aut dolorem natus sint sapiente illo. Rem dolores voluptas amet.','dolorum','752',NULL,'2011-04-28 20:51:23','1972-06-24 00:15:03'),
('10','2','10','Possimus ipsum quos eaque culpa. Fugiat ut quis modi. Quidem illo praesentium et qui. Consequatur autem eveniet aliquid id earum veniam quia.','aspernatur','8591419',NULL,'1983-09-04 15:31:54','2014-04-15 06:01:28'),
('11','3','11','Omnis aliquam asperiores labore voluptatem sit inventore et. Corrupti explicabo et nulla officia velit rem quis. Minima vitae dolor quos dignissimos libero provident rerum consectetur.','laudantium','72',NULL,'2000-12-27 19:54:29','1982-01-27 18:52:41'),
('12','4','12','Sit sit ullam et est reiciendis et. Sit qui voluptas et. Enim unde repudiandae omnis ea culpa praesentium quis. Magni tenetur facere totam soluta nobis non.','ut','0',NULL,'1978-09-03 09:29:45','1991-01-09 14:38:35'),
('13','1','13','Laboriosam voluptatem necessitatibus aut molestiae natus. Qui aperiam culpa ducimus magni alias illo in. Aliquam quaerat aperiam accusantium nostrum harum laboriosam exercitationem non. Repellat itaque necessitatibus et fugit recusandae. Cum accusamus quia quisquam beatae suscipit rem.','voluptatem','0',NULL,'2005-01-01 06:17:52','1976-06-06 15:47:40'),
('14','2','14','Officiis voluptatibus sed nobis itaque reiciendis non. Et et impedit ipsum. Nihil est beatae et cupiditate aliquam possimus.','nihil','131813506',NULL,'1996-12-07 04:27:05','2013-10-20 18:31:26'),
('15','3','15','Quaerat facere labore et dolorum quas. Nesciunt illo dolore provident sint excepturi. Optio debitis maiores dolor vero eaque aperiam.','libero','723625',NULL,'1989-12-05 07:36:11','1999-01-29 05:14:25'),
('16','4','16','Aut maiores delectus vel sed saepe enim voluptas. Nulla ut ut aut maxime magni molestias. Temporibus et rerum ipsum deleniti provident non magni itaque.','ut','444021',NULL,'1970-07-14 21:19:54','1992-07-17 10:13:26'),
('17','1','17','Laudantium maiores aut quisquam nihil vero. Ad iure quis laboriosam hic possimus omnis. Quibusdam dolor quis similique non molestiae est libero rerum. At libero sed quia non optio.','fuga','57912',NULL,'1980-01-04 08:41:06','1997-07-27 07:51:35'),
('18','2','18','Sed adipisci magni nihil culpa odit ut ipsa. Reprehenderit cupiditate modi aliquid mollitia laboriosam. Omnis nobis atque expedita enim adipisci deleniti. Animi quo velit a doloremque atque tempora.','dicta','1075',NULL,'2003-03-21 08:16:57','1991-04-11 18:48:52'),
('19','3','19','Dolorem ipsa sunt amet nam nesciunt soluta. Est quo enim fugiat nemo aut placeat. Ut laboriosam voluptatem quam non aliquam.','voluptatem','78659',NULL,'2016-12-08 05:22:40','2017-11-07 03:29:04'),
('20','4','20','Architecto voluptatem sit facere impedit aliquam. Sint libero adipisci ut molestiae sint cumque. Nesciunt assumenda magnam similique quidem molestiae. Ipsum atque dolorum ab ratione quia.','omnis','304',NULL,'1972-12-04 05:43:56','1975-05-16 21:00:54'),
('21','1','21','Quaerat voluptatem quos qui enim corporis. Aperiam enim explicabo dolores laborum molestias iusto aut. Debitis dicta dolores tempora inventore consequuntur ut nihil. Eum non aut voluptatum dolor qui voluptatem.','quae','82146461',NULL,'1970-02-07 07:41:06','1984-05-12 22:58:55'),
('22','2','22','Optio qui tempora ullam et consequatur nisi. Vero nesciunt porro ratione molestiae exercitationem aut itaque. Earum dolores nobis dignissimos quam ut. Nihil temporibus enim quam voluptates asperiores minima.','modi','16282',NULL,'1985-01-05 20:57:13','1988-04-23 05:54:05'),
('23','3','23','Quis sed placeat aut eum laudantium maiores dolorem. Quia nihil et eveniet illo dolores illum molestias. Sint reprehenderit possimus ab placeat. Aliquam sapiente dolorum similique nemo.','sed','78164',NULL,'2000-07-02 01:26:09','2011-12-08 15:58:31'),
('24','4','24','Nesciunt quia illum atque eos optio. Et voluptas nisi repellat. Tempora asperiores nesciunt ratione mollitia esse ducimus tempora.','molestiae','9157',NULL,'2000-02-13 15:41:22','2014-02-01 09:37:20'),
('25','1','25','Voluptatem nobis aliquam quia ex. Sit dolores ducimus quaerat et expedita doloribus deserunt. Esse aperiam est odio corrupti sed voluptate quisquam. Autem laudantium accusamus non aspernatur.','qui','8',NULL,'2020-11-14 22:16:47','2018-09-03 14:30:05'),
('26','2','26','Harum temporibus molestiae nulla itaque deserunt tempora quam. Tempore ut sint aut impedit. Minus unde enim odit totam maiores dolorem. Deserunt error quos tempora et et quos ab. Aliquam reprehenderit ut autem consequuntur.','est','21',NULL,'1980-05-19 03:50:51','1984-12-09 19:31:51'),
('27','3','27','Et voluptatem ratione odit voluptate voluptas ut. Nihil adipisci qui aut dolorum. Doloribus veritatis ea non natus totam sunt hic.','ipsa','8430894',NULL,'1974-02-02 16:09:41','1991-04-26 14:31:07'),
('28','4','28','Eos aut aut qui dolor nesciunt. Quo assumenda error totam aut tempore. Nam nostrum repudiandae tempore nostrum voluptas. Sunt sed a illum.','qui','811228817',NULL,'2002-11-30 23:37:05','1983-12-17 11:59:35'),
('29','1','29','Numquam deleniti vero excepturi animi dolorum vero tenetur. Tempora beatae enim quaerat distinctio consequuntur aspernatur. Dolor rerum eius et est excepturi ut est repellendus.','provident','52151',NULL,'1973-10-14 11:02:29','2020-04-08 19:07:39'),
('30','2','30','Totam quasi excepturi ut et et magnam natus. Sint deserunt et temporibus sed. Quia sunt dolor qui minima facilis. Nobis fugiat quibusdam dolorum quisquam. Omnis corrupti tenetur harum officiis necessitatibus.','nemo','4',NULL,'2012-05-13 08:14:22','2007-12-17 20:38:03'),
('31','3','31','Voluptatem debitis ipsam in iste iure nobis laudantium. Est ut voluptas eligendi magnam dignissimos. Quis tenetur corporis recusandae aut nihil est ex enim.','quod','20',NULL,'1991-01-24 06:44:08','2009-05-13 11:48:01'),
('32','4','32','Saepe iure ut sed quod et aut. Mollitia praesentium eaque ut iure ullam odio natus. Possimus perferendis voluptatum perspiciatis quo vitae corporis molestiae. Voluptas accusantium et aut ea amet optio.','et','0',NULL,'2008-03-12 07:39:15','2000-05-19 21:24:44'),
('33','1','33','Temporibus harum expedita nihil quisquam aliquid. Recusandae quam neque dolores velit. Id velit vitae et.','quibusdam','93',NULL,'2013-11-17 18:57:56','2008-06-13 23:00:19'),
('34','2','34','Impedit omnis est consectetur ad tempora. Voluptatum sapiente enim nam commodi recusandae. Laborum fugit accusamus deserunt voluptas debitis corporis amet. Est tempora accusamus aut iure.','et','17',NULL,'2006-08-13 18:28:58','2009-04-04 07:02:26'),
('35','3','35','Iste dolorem iste alias nesciunt accusamus. Quisquam in suscipit magnam eveniet mollitia. Quo ratione deserunt delectus deleniti dicta soluta. Et assumenda ut esse voluptatem omnis pariatur.','maiores','0',NULL,'2000-09-18 13:31:00','2009-01-04 01:14:53'),
('36','4','36','Ea repellendus placeat ratione eaque. Voluptatem nobis fugiat excepturi aut consequatur debitis. In ullam magnam magnam quisquam voluptatibus. Ea et ad error provident.','quod','83546599',NULL,'2017-10-23 06:43:55','2009-06-22 11:55:06'),
('37','1','37','Optio velit qui qui. Hic perspiciatis rerum molestias voluptatem dolorum. Neque nobis dolores natus suscipit qui officiis. Aliquam consequatur eos vero quia blanditiis voluptatem.','praesentium','0',NULL,'2003-11-20 05:38:07','2015-02-22 23:25:35'),
('38','2','38','Et enim voluptatem nisi. Est modi et neque commodi quo sit perspiciatis. Sit numquam et accusamus eaque.','adipisci','7333880',NULL,'2017-12-09 16:36:15','2004-08-07 18:59:03'),
('39','3','39','Mollitia ducimus architecto voluptas et nisi odit. Cumque quaerat ut quis dicta autem et quisquam. Iure ab ea atque eum quibusdam ut repellat. Est fugit nihil qui reiciendis consequatur et eum.','magnam','96360',NULL,'2003-04-05 04:43:02','1974-08-04 19:30:31'),
('40','4','40','Omnis error tempore voluptas et quae perferendis odio alias. Alias hic quos beatae et illo. Qui debitis qui rerum dignissimos. Sit ipsa temporibus quod sapiente.','exercitationem','903500',NULL,'2018-12-27 18:10:27','1991-06-13 11:15:05'),
('41','1','41','Sunt natus nesciunt porro nostrum. Sint in aut et voluptatibus. Dolor occaecati ut optio suscipit ex sint a.','et','570772',NULL,'2001-10-26 09:18:33','1992-06-01 08:49:41'),
('42','2','42','Ea et quaerat minus corrupti facilis voluptas. Voluptatibus minus porro fuga atque aperiam voluptas ut. Nesciunt quod esse harum ducimus porro corrupti.','quae','76',NULL,'2013-05-12 20:54:16','1980-02-29 12:49:57'),
('43','3','43','Numquam quis cumque nihil aperiam fugit dignissimos blanditiis. Et odit quis recusandae incidunt perspiciatis aut. Accusantium voluptatem neque voluptas incidunt numquam voluptas.','repudiandae','90330254',NULL,'2014-04-20 06:47:49','1983-05-29 19:42:37'),
('44','4','44','Sequi et excepturi aliquid officia vitae hic. Et necessitatibus consequuntur rerum quis atque porro. Placeat fugiat laboriosam labore sunt at voluptatibus.','quia','70926',NULL,'1980-10-13 11:11:10','1991-08-01 18:53:11'),
('45','1','45','Delectus doloremque rerum quod in dolor ex. Ea odit quis rerum quos. Dicta consequatur quisquam unde occaecati adipisci alias cupiditate. At modi enim occaecati ea sit vitae quisquam.','nulla','8383',NULL,'2017-01-23 22:51:20','1983-07-01 07:27:19'),
('46','2','46','Officia dolores est deserunt ratione sequi facere dolorem. Maxime omnis omnis non ut. Et consequatur quos quia qui. Porro qui et delectus incidunt maxime.','sit','44179',NULL,'1996-10-29 05:29:07','1992-09-22 11:25:14'),
('47','3','47','Sapiente consequatur commodi rerum sed. Ducimus corrupti quibusdam iusto et voluptas architecto dolores consequatur. Minus quae temporibus sapiente harum.','quaerat','5191246',NULL,'2015-09-03 00:10:49','2015-02-23 15:41:07'),
('48','4','48','Nihil optio dicta repudiandae. Natus libero corporis ut earum earum dolores rerum. Consequatur quia consequatur sapiente aut eum quos. Voluptatibus rerum laborum pariatur id sequi eligendi. Voluptas illum nam voluptatibus asperiores.','nihil','744',NULL,'1986-06-20 09:04:12','1985-03-13 07:19:57'),
('49','1','49','Dolorem ex dicta sequi omnis est iusto ipsa. Sit reprehenderit eveniet nostrum vitae eum neque illo. Iure ea et ut dolor. Aliquid magni ut impedit explicabo.','inventore','56181456',NULL,'1994-11-24 04:14:40','2006-03-06 22:43:27'),
('50','2','50','Quia voluptas veritatis ipsum debitis. Blanditiis nam et provident quae. Eum eaque et voluptatem nisi corporis vero. Est pariatur illum voluptatem dolorem et quo.','odio','78',NULL,'1973-07-14 11:15:29','1974-04-26 09:25:27'),
('51','3','51','Et molestiae placeat distinctio illo qui. Doloremque sed maxime aut dignissimos.','voluptatibus','38996844',NULL,'1988-04-01 10:24:11','2015-11-24 04:44:19'),
('52','4','52','Dignissimos recusandae voluptatem recusandae delectus ut fugit. Reiciendis dolores atque explicabo saepe. Sunt aliquam a esse quis ad sapiente.','autem','7',NULL,'2001-05-27 08:02:10','2005-07-19 08:11:44'),
('53','1','53','Et sint sed mollitia sit officiis amet. Error repudiandae molestias molestiae voluptatibus aspernatur explicabo ex. Itaque ab doloremque corporis quae. Vel mollitia ducimus quae sit eligendi eius accusamus maiores.','est','8215',NULL,'1978-11-28 16:40:50','2016-06-26 06:34:26'),
('54','2','54','Sed delectus hic a quidem. Omnis quo voluptas omnis sit enim qui.','vitae','188168115',NULL,'1997-09-10 07:06:56','1974-06-01 06:49:37'),
('55','3','55','Facilis quos sequi repudiandae deleniti. Ipsam non dolores delectus eos odio. Tenetur eum dolorem atque vero sequi ex tempora.','quis','42408',NULL,'2008-03-20 21:24:02','2000-07-28 03:32:49'),
('56','4','56','Eaque pariatur sit quia distinctio necessitatibus. Reiciendis amet quidem ullam aspernatur distinctio blanditiis. Consectetur deleniti inventore consequatur tempore quod id sapiente neque. Laudantium est aut et dignissimos nemo voluptatem saepe accusantium.','incidunt','4553',NULL,'1970-05-16 17:07:23','1992-07-20 20:24:42'),
('57','1','57','Iure asperiores quaerat alias rerum deserunt officiis et. Similique sequi recusandae aut quia. Eius sit consequuntur modi voluptatem aut.','inventore','6',NULL,'1997-06-30 13:23:53','2010-07-18 09:12:51'),
('58','2','58','Quos autem aut beatae reiciendis. Ut consequatur aspernatur ipsum placeat placeat assumenda dignissimos facere. Ut esse qui voluptatem neque. Rerum inventore odio aperiam a repudiandae ab sint.','accusantium','0',NULL,'1999-11-18 19:33:50','2016-03-13 14:45:39'),
('59','3','59','Itaque aut recusandae aut. Eos rerum quibusdam aliquid sit facilis corporis alias. Dolor in totam voluptatem illo qui et.','non','48177300',NULL,'2019-03-25 02:02:39','1995-01-20 12:53:20'),
('60','4','60','Dicta nesciunt repellat voluptates suscipit qui ut. Sed debitis eveniet assumenda possimus dolorem ducimus. Necessitatibus rerum adipisci laborum.','dolorum','507001',NULL,'2001-07-23 14:27:05','1991-09-17 14:11:31'),
('61','1','61','Qui aut quos expedita aliquam quasi. Molestiae eos officia ab enim vero. Perferendis quae non accusantium.','reiciendis','30070',NULL,'2001-09-22 08:25:56','1985-01-19 05:42:31'),
('62','2','62','Perferendis rem veniam sit earum. Accusamus aliquam quis repudiandae omnis. Enim repudiandae quibusdam quod molestiae perspiciatis itaque. Praesentium ut asperiores architecto quia possimus quidem et.','rerum','6096800',NULL,'1975-09-26 02:47:35','2015-02-08 11:39:35'),
('63','3','63','Molestiae iusto non quis. Quisquam quaerat sunt fugiat.','aut','822712053',NULL,'1982-01-05 11:09:36','2006-11-21 00:08:58'),
('64','4','64','Quia sit perspiciatis pariatur velit aut. Aliquid harum perferendis porro qui temporibus. Odit vero deleniti ratione. Minus minima mollitia dolorem sunt libero.','possimus','945238',NULL,'2003-09-15 14:11:42','1973-12-28 21:02:47'),
('65','1','65','Impedit impedit modi voluptatem quam corporis omnis sunt. Nisi esse omnis occaecati. Ex delectus deleniti minus.','rerum','662',NULL,'1983-06-04 10:12:37','2003-02-06 22:15:39'),
('66','2','66','Aliquid et quia dolores sunt et. Quod assumenda delectus suscipit veritatis ipsam ut exercitationem. Dolores quas sed et soluta fugit accusamus modi. Quibusdam optio numquam eum aliquid soluta similique excepturi.','voluptates','45',NULL,'1975-04-16 18:37:13','2013-08-14 11:35:13'),
('67','3','67','Blanditiis id ea libero doloremque minima quisquam id vitae. Id cupiditate aspernatur quibusdam minima quis assumenda voluptates.','maiores','0',NULL,'1999-01-20 18:55:39','1996-02-01 08:23:50'),
('68','4','68','Omnis sit quo aliquam nulla et et. Ullam facere velit necessitatibus deserunt fuga nihil nam. Ipsa nostrum quasi ratione tenetur optio.','non','63',NULL,'1978-04-27 09:44:10','2008-07-14 13:35:45'),
('69','1','69','Recusandae autem quia ducimus animi. Doloremque unde recusandae placeat. Quis aut eveniet fuga voluptatem et aut. Esse deserunt quisquam blanditiis ad fugiat minus.','sed','81',NULL,'2009-02-02 06:11:59','2019-09-04 03:41:44'),
('70','2','70','Aliquid error expedita expedita neque exercitationem cupiditate molestias. Nostrum et reprehenderit excepturi vel dolores. Quae voluptatum eligendi repellendus iste quae. Nulla eius officia vitae eum voluptate atque.','a','235',NULL,'2003-08-01 14:15:48','1988-12-13 15:29:55'),
('71','3','71','Nulla ut quos modi. Rerum qui tempore voluptate aut veniam ut. Sit nisi velit quia quisquam quia sit necessitatibus. Debitis aliquam reprehenderit et qui.','quis','8614',NULL,'1976-09-30 19:50:05','1988-03-27 14:03:14'),
('72','4','72','Veniam molestias sint nisi enim. Porro et quae ut. Non vel sint expedita exercitationem aut. Ea autem in eligendi aut.','et','4501',NULL,'1987-09-09 13:39:53','1974-02-17 00:22:43'),
('73','1','73','Fugiat accusantium et eligendi. Dolorem rerum alias nulla repellendus tempora sapiente voluptatibus. Rerum aspernatur ipsa neque.','dicta','5226',NULL,'1971-10-25 03:18:47','2015-07-11 16:28:52'),
('74','2','74','Quam ad nesciunt corrupti minima. Voluptate impedit accusantium doloremque dolor ipsam vel. Id aut amet eum dolorem.','sapiente','22038974',NULL,'2011-12-28 13:02:36','2007-09-14 09:16:18'),
('75','3','75','Omnis laudantium quis sint quam eveniet. Eum mollitia assumenda quia aliquid. Nisi totam doloremque exercitationem nihil. Rerum quaerat ipsa tempore aut tenetur. Deserunt atque aut sed.','et','4327',NULL,'1989-10-08 06:10:24','2007-11-14 03:24:23'),
('76','4','76','Libero voluptas non nostrum. Natus sit recusandae commodi porro sequi quae perferendis. Vel officia qui aut excepturi quod atque error.','alias','42231473',NULL,'1995-10-28 14:32:01','2006-06-08 23:05:11'),
('77','1','77','Repellat nostrum qui corporis id inventore. Iusto est nemo magnam sed animi qui quis incidunt. Voluptas libero sed quis et. Omnis quod consequatur at est. Nihil sunt et non qui doloremque.','voluptatum','3802',NULL,'1984-09-19 14:49:34','1982-09-26 18:16:57'),
('78','2','78','Tenetur natus omnis et repellendus eaque est. Harum sed dolorem saepe id officia.','esse','14',NULL,'1980-04-11 06:16:25','1987-12-24 01:04:19'),
('79','3','79','Mollitia at voluptatibus soluta dolor possimus impedit rerum deleniti. Tenetur alias aliquam eos iure ex perferendis beatae. Reiciendis aut nisi labore quod quis. Fuga dolores libero nesciunt quam.','hic','190',NULL,'2012-10-04 08:39:45','1972-10-05 17:19:07'),
('80','4','80','Voluptatum maiores eius minima qui. Nam enim odit eos ipsam corrupti magnam. Dolor libero eveniet nam et omnis enim aperiam.','sint','0',NULL,'2006-08-03 16:41:18','1982-06-19 01:57:18'),
('81','1','81','Deserunt tempore temporibus similique et quidem voluptate quod doloribus. Sed voluptas officia debitis deleniti iure non impedit.','est','4',NULL,'1995-09-19 15:53:26','2019-07-26 00:02:47'),
('82','2','82','Reprehenderit enim officia omnis voluptas eaque error unde. Veniam quo eligendi reiciendis quis quia sit ex. Ipsum reiciendis consequuntur quae ab. Ratione eum exercitationem eligendi laudantium quia quasi.','ut','4501630',NULL,'1994-09-22 03:25:05','1991-03-21 20:49:21'),
('83','3','83','Illum deserunt repudiandae dolore voluptatem saepe. Cum impedit quam quos tempore error corrupti. Quas saepe odit qui atque a illum vitae. Magnam molestias occaecati sit quam non veniam corporis.','quos','3463756',NULL,'1987-01-22 12:03:01','1993-03-24 17:52:19'),
('84','4','84','Culpa doloremque harum ad assumenda quia. Autem nesciunt quisquam dolor maxime deserunt. Et quidem aut repudiandae omnis repudiandae.','magni','49',NULL,'1973-03-04 04:09:56','1985-12-16 05:32:23'),
('85','1','85','Suscipit ut id quia. Est minima optio in aliquam omnis fuga omnis assumenda. Quibusdam reiciendis iste enim iste placeat non.','harum','578',NULL,'2009-06-04 08:53:27','1988-04-15 15:38:26'),
('86','2','86','Sapiente culpa consequatur ea commodi. Dolorum ad nesciunt libero voluptas et maxime. Porro repellendus amet quia recusandae.','laborum','5592425',NULL,'1988-04-04 19:31:35','2018-11-18 06:44:25'),
('87','3','87','Nam sint labore quidem dignissimos ea et et. Laudantium quia eum modi odio laudantium veritatis ut enim. Sunt eius hic sapiente. Facilis maiores aut qui repudiandae.','perferendis','19139',NULL,'1973-12-30 09:55:30','2017-09-21 15:14:31'),
('88','4','88','Eaque sunt omnis veniam quo. Dolor temporibus eaque praesentium ea doloremque delectus ut. Similique consequatur unde et optio.','in','3',NULL,'1985-09-15 08:55:25','2005-03-18 05:13:26'),
('89','1','89','Libero quis aliquid dolorem culpa et. Velit nihil qui aut esse odio. Inventore ea accusamus vero quia quo debitis accusantium accusamus.','deleniti','5585',NULL,'1980-02-29 13:19:44','1999-02-14 01:23:51'),
('90','2','90','Voluptas recusandae voluptas eos assumenda. Ut laborum aliquid error autem repellendus odio animi. Quibusdam doloribus consequuntur praesentium nam laborum commodi.','aliquid','866504714',NULL,'1983-12-16 13:04:24','1988-04-28 05:29:23'),
('91','3','91','Eligendi hic sint ipsam non qui. Deserunt voluptatibus animi cum cum explicabo rem. Delectus error esse sed dolore itaque fugit. Atque laudantium quia quis voluptates animi laborum.','sit','3940335',NULL,'1991-04-10 20:14:40','1970-03-02 07:40:56'),
('92','4','92','Incidunt provident nesciunt tempora blanditiis distinctio distinctio facere beatae. Optio incidunt doloremque corrupti id totam. Placeat natus in libero molestiae. Dolor voluptates iusto cupiditate sapiente laborum.','aut','314859',NULL,'1981-04-03 16:34:06','1996-02-07 04:13:03'),
('93','1','93','Magnam nobis adipisci debitis doloremque ex. Voluptate repellat vitae rerum voluptatem. Ea aut ut dolorem qui maiores non. Est doloremque laborum neque labore aut sed.','quia','72171',NULL,'1998-08-28 15:30:50','1998-01-15 01:35:54'),
('94','2','94','Ducimus illum praesentium qui qui. Nisi suscipit id autem. Odit cupiditate enim id accusantium enim.','corporis','0',NULL,'1975-07-30 11:08:46','1970-08-05 01:28:10'),
('95','3','95','Omnis maiores et quia corrupti cumque vero. Nulla facere in iure. Eos a asperiores eaque hic nesciunt quia eius quam. Laborum nam nobis quo rerum distinctio beatae aut quo.','aut','43360',NULL,'1979-12-15 00:48:57','2001-02-14 12:22:42'),
('96','4','96','Repudiandae qui modi architecto adipisci consequatur et. Dolor in delectus rem consequatur quasi numquam doloremque. Eum reiciendis similique esse cupiditate.','accusantium','8',NULL,'2011-10-20 10:03:36','1994-06-08 05:16:18'),
('97','1','97','Laudantium necessitatibus repellendus labore magni. Qui ea ducimus et qui officiis aut repellat. Earum quia dolor qui qui autem sint. Atque cupiditate autem laudantium officia.','vero','597644',NULL,'2008-08-21 17:25:21','2020-05-16 08:53:04'),
('98','2','98','Optio velit omnis est. Eos quia voluptatum consectetur id officia voluptatibus laboriosam ea. Hic beatae accusamus magni cum laboriosam. Recusandae id cupiditate ad veniam.','officia','17267',NULL,'1993-04-30 08:56:26','1971-01-26 01:59:23'),
('99','3','99','Error similique officia nesciunt vel incidunt et harum. Amet nam qui sit quis. Sit autem fugit unde aliquid ut. Repellat incidunt quis natus quasi molestiae.','ducimus','970887432',NULL,'2018-06-09 11:18:08','2012-11-20 18:43:57'),
('100','4','100','Esse voluptatum voluptas dicta debitis ut sit. Sint incidunt laborum non nobis consequatur.','autem','41997148',NULL,'2007-10-04 01:32:30','1979-11-17 14:00:02'); 


DROP TABLE IF EXISTS `media_types`;
CREATE TABLE `media_types` (
  `id` bigint(20) unsigned NOT NULL AUTO_INCREMENT,
  `name` varchar(255) COLLATE utf8_unicode_ci DEFAULT NULL,
  `created_at` datetime DEFAULT current_timestamp(),
  `updated_at` datetime DEFAULT NULL ON UPDATE current_timestamp(),
  UNIQUE KEY `id` (`id`)
) ENGINE=InnoDB AUTO_INCREMENT=5 DEFAULT CHARSET=utf8 COLLATE=utf8_unicode_ci;

INSERT INTO `media_types` VALUES ('1','quos','1981-11-29 03:44:32','1977-03-10 13:08:28'),
('2','corrupti','1970-11-13 03:52:29','2019-07-08 10:46:37'),
('3','facilis','2013-05-04 05:05:08','1989-07-07 16:27:40'),
('4','beatae','2004-04-29 12:40:38','2015-12-27 10:46:37'); 


DROP TABLE IF EXISTS `messages`;
CREATE TABLE `messages` (
  `id` bigint(20) unsigned NOT NULL AUTO_INCREMENT,
  `from_user_id` bigint(20) unsigned NOT NULL,
  `to_user_id` bigint(20) unsigned NOT NULL,
  `body` text COLLATE utf8_unicode_ci DEFAULT NULL,
  `created_at` datetime DEFAULT current_timestamp(),
  UNIQUE KEY `id` (`id`),
  KEY `from_user_id` (`from_user_id`),
  KEY `to_user_id` (`to_user_id`),
  CONSTRAINT `messages_ibfk_1` FOREIGN KEY (`from_user_id`) REFERENCES `users` (`id`),
  CONSTRAINT `messages_ibfk_2` FOREIGN KEY (`to_user_id`) REFERENCES `users` (`id`)
) ENGINE=InnoDB AUTO_INCREMENT=101 DEFAULT CHARSET=utf8 COLLATE=utf8_unicode_ci;

INSERT INTO `messages` VALUES ('1','1','1','Dolor esse quia blanditiis id qui distinctio eum. Nesciunt et reiciendis ut amet dolores maxime dolore. Laborum facere sint necessitatibus tempore accusantium et doloremque. Eos qui odio architecto rerum vel delectus aut.','1975-05-05 22:11:03'),
('2','2','2','Doloribus iure quam quis commodi id. Qui et sit perferendis voluptatum voluptatem rem. Qui aut similique sed corrupti dicta.','2018-11-13 06:20:58'),
('3','3','3','Aut est et vitae sint est. Ab porro fugiat consectetur eos doloremque expedita nisi. Delectus rerum ut vel voluptatem.','1973-02-14 03:22:41'),
('4','4','4','Aut porro quia in tenetur tenetur consequatur nulla. Rerum cum id est temporibus quos. Quis et in quia sit veritatis vel quia. Enim modi et consequatur inventore.','1989-02-13 10:51:15'),
('5','5','5','Quaerat nam perspiciatis iste doloremque tempora numquam. Et dolorem accusamus eos ab impedit mollitia excepturi qui. Voluptas qui est adipisci consequatur ea.','1970-08-11 02:01:12'),
('6','6','6','Sit iusto et id neque. Libero qui ipsum sequi repudiandae. Consequatur rerum laboriosam neque aspernatur.','1971-11-08 13:45:22'),
('7','7','7','Dolore officia eveniet maxime laboriosam a et eos et. Quibusdam enim aut iste accusamus voluptas.','1996-10-17 16:20:44'),
('8','8','8','Cumque vel consequatur at fugiat in sunt. Ut qui reiciendis sed. Soluta omnis et nesciunt nesciunt inventore sunt. Quia est sint rem recusandae et amet pariatur.','2002-06-14 20:49:37'),
('9','9','9','Quisquam architecto pariatur dolores. Id et quas ea est repellat perferendis magnam. Praesentium nulla aspernatur blanditiis molestias ullam repudiandae.','1984-09-12 05:34:17'),
('10','10','10','Omnis praesentium occaecati et beatae iure aut. Id vitae illum dolorem sed. Ut explicabo quae facilis ipsam atque.','2019-02-25 14:49:49'),
('11','11','11','Perferendis voluptas at qui dolorum impedit rem et. Illum eum est ut ullam saepe beatae eos. Consectetur quia exercitationem distinctio quia molestias provident vel.','1979-08-15 14:59:37'),
('12','12','12','Fugiat explicabo repellendus ipsa itaque sint. Incidunt nisi ut harum repudiandae et saepe. Magnam maiores numquam recusandae voluptatem saepe necessitatibus. Ut dolores tenetur et et nulla.','2018-09-04 02:32:32'),
('13','13','13','Tempore beatae expedita libero velit a. Facere delectus eveniet quae quia rem quae. Ea dolores natus culpa autem tempora. Error voluptatem quia quisquam molestiae autem quis quibusdam.','1971-04-10 21:33:13'),
('14','14','14','Modi culpa aut enim facilis natus et magnam. Cupiditate ducimus aut fuga laborum minima molestias sunt. Dolores exercitationem ex dolores laboriosam. Vel recusandae ullam optio odit ipsum.','1985-05-15 21:50:07'),
('15','15','15','Ut ut quibusdam ea temporibus autem consequuntur consectetur. Architecto at fugit alias quae sit consequuntur. Fuga culpa sint fugiat excepturi iusto aut.','1992-03-29 18:55:03'),
('16','16','16','Earum dolor consequatur veritatis voluptatum corporis quos. Sint odit a nobis.','1974-08-02 21:50:25'),
('17','17','17','Perspiciatis similique voluptas et eum ratione illo numquam. Ut aspernatur vitae libero fugit nemo dolorem. Veritatis alias minima corporis est ea. Ducimus voluptates qui est accusantium voluptatem aliquid veniam alias.','2015-03-03 04:04:20'),
('18','18','18','Qui aliquid ullam quo voluptas placeat. Ab aut ut placeat. Rerum aspernatur nostrum voluptatum accusamus eum nobis.','1979-06-24 11:10:22'),
('19','19','19','Aut dolores doloremque error repudiandae culpa et voluptatem tempore. Animi deserunt consequatur id exercitationem iste et ipsam. Ad quis velit rerum ullam consequatur.','1983-11-15 11:01:39'),
('20','20','20','At sapiente sunt ea ipsam cum ipsam qui non. Veritatis et optio ex quaerat. Illo vero sunt voluptatem laudantium voluptas odit ut maiores.','1999-08-04 19:53:44'),
('21','21','21','Dolor est et doloremque reiciendis. Cupiditate velit doloremque non quam. Alias voluptatem maiores culpa qui eveniet eaque eum impedit. Dolor rerum ipsam quae doloribus.','2004-10-03 08:22:11'),
('22','22','22','Aut reiciendis aut nesciunt perferendis temporibus ipsum tempora. Laudantium molestiae aut facilis vel temporibus perspiciatis eum.','1981-12-11 05:20:50'),
('23','23','23','Itaque natus et quasi et commodi optio. Quo modi ratione iure eaque numquam pariatur. Eius cupiditate et optio autem. Asperiores voluptas hic fugit culpa voluptate et enim.','2013-12-19 11:22:28'),
('24','24','24','Quam porro laborum non earum autem accusantium quia temporibus. Expedita laudantium mollitia incidunt aperiam sapiente ut error. Qui qui qui veritatis explicabo aliquid. Sed qui eos autem omnis est voluptatem vitae eum.','2003-11-30 23:40:37'),
('25','25','25','Facere ut perspiciatis rerum fugit ut a at. Impedit nisi commodi nostrum quibusdam et. Enim odio delectus omnis.','1999-08-21 11:00:29'),
('26','26','26','Ab voluptate itaque maiores doloremque. Est aspernatur sit optio impedit aperiam.','1989-03-19 18:33:05'),
('27','27','27','Consequatur omnis ea doloremque recusandae illo commodi. Nostrum ratione voluptatem voluptas porro illum ducimus. Qui qui libero quo quis harum officiis est.','2003-05-24 20:38:31'),
('28','28','28','Fuga atque quos reprehenderit laborum voluptas rerum. Modi harum porro quo quis. Perferendis pariatur ut officiis incidunt optio. Quasi reiciendis repellendus enim aut beatae.','1996-08-29 07:21:42'),
('29','29','29','Voluptate praesentium quae consequatur sed perspiciatis quo maxime. Reiciendis et et accusantium quod alias non saepe fugit. Similique repellendus illum tempore eos doloremque qui laudantium. Ad consequuntur quam at eos eius.','2015-09-04 15:45:33'),
('30','30','30','Consequatur perferendis vel minus qui. Perspiciatis sequi sunt nihil occaecati. Esse omnis nemo cumque nemo natus quos ipsa quisquam. Consequuntur tenetur voluptatem et perspiciatis.','2003-08-14 13:09:55'),
('31','31','31','Molestiae iste aut consequatur. In rem laboriosam sit harum corporis sunt facere. Quisquam est dolorem magnam excepturi. Voluptas sunt accusantium id quod.','2008-06-08 09:08:15'),
('32','32','32','Dicta a earum illum itaque. Expedita repellat aut natus rerum porro. Qui et laudantium maxime qui occaecati omnis.','1974-01-07 14:06:01'),
('33','33','33','Quia eum possimus corporis cumque reiciendis ut. Ut nihil tempora voluptas veniam totam nobis. Molestiae et quam et tenetur ipsum velit hic nostrum.','1993-01-11 07:39:56'),
('34','34','34','Omnis ipsa molestiae non ut sit similique neque. Culpa ducimus repellendus nesciunt qui. Rerum odit et similique ut et animi.','2010-07-14 20:29:42'),
('35','35','35','Harum blanditiis doloremque nobis odio consequatur. Dolores laboriosam repudiandae asperiores et. Id aspernatur ad pariatur voluptas aut dolor atque. A est mollitia ut ex sit sed.','1970-03-22 18:51:37'),
('36','36','36','Ut sequi velit et perferendis perferendis qui. Perspiciatis et fugiat tenetur repudiandae nihil sit. Quia et mollitia unde tenetur iste sunt. Ipsum ex iste quis consequatur perspiciatis animi. Est voluptatum quibusdam sint dolore dolore accusantium.','2013-06-21 01:10:18'),
('37','37','37','Quae dolorum sit placeat. Excepturi sint quis dolores quam nihil voluptas velit. Molestias facere debitis quia odit minima voluptatibus.','1988-09-16 11:51:07'),
('38','38','38','Ut dicta accusamus porro earum impedit quis dolorem. Facilis fugit sint dignissimos vitae dolores sit cupiditate.','1979-08-26 08:56:13'),
('39','39','39','Sequi aliquid aut deserunt consequuntur. Rerum maxime accusantium ut adipisci. Deserunt occaecati itaque ut voluptates dolores aperiam aliquam. Quos eum non quia harum consequatur.','1970-10-11 19:05:15'),
('40','40','40','Pariatur eveniet impedit sed voluptatem explicabo sint sunt. Quo nobis et non. Ducimus culpa a aspernatur eum necessitatibus.','1986-12-21 05:42:50'),
('41','41','41','Nemo id nihil omnis ut voluptatem eligendi quo. Ut optio magni est fuga inventore nam. Earum veniam eaque suscipit quae. Veniam magni voluptatum necessitatibus sed ipsam.','1973-11-16 20:34:22'),
('42','42','42','Ab voluptatem deleniti omnis laudantium sunt rem quam. Corrupti est quibusdam tenetur recusandae. Qui ut qui nostrum blanditiis assumenda aspernatur ut. Debitis modi incidunt perferendis occaecati optio possimus.','2019-07-18 11:56:05'),
('43','43','43','Recusandae in omnis vel voluptatem placeat illum et sit. Consequatur facere nostrum sint enim enim ipsum recusandae. Repellendus error nulla sint ipsam soluta.','1993-01-27 21:43:57'),
('44','44','44','Accusamus omnis possimus corporis consequuntur. Voluptas neque nihil quia. Optio laboriosam adipisci est fuga. Ad omnis animi repudiandae pariatur.','1985-05-12 01:19:37'),
('45','45','45','Fugit libero rerum atque ut vel officia provident. Asperiores culpa aut voluptate. Rerum voluptas voluptatem saepe aliquid nam delectus.','1980-02-22 06:50:53'),
('46','46','46','Quaerat vel consequatur non neque facilis perspiciatis rerum ea. Velit et minima culpa ea occaecati ratione. Voluptas sunt aut soluta eius placeat officia illo deleniti. Vel aperiam id qui dolorem velit.','2018-08-31 07:58:07'),
('47','47','47','Suscipit et deleniti iste. Totam cumque minus id aut occaecati vitae sed. Dolores minus voluptate sed voluptatum sint dignissimos ipsa.','2010-08-28 23:36:59'),
('48','48','48','Neque possimus qui sequi. Ad quo delectus nihil voluptatem. Voluptatem iste aut quam nesciunt ad quisquam sit dicta.','1988-12-29 20:50:53'),
('49','49','49','Quisquam omnis nemo dolorem omnis qui excepturi unde. Dolorem deleniti quo quos rerum commodi. Culpa quis temporibus doloribus aspernatur autem pariatur. Corporis incidunt inventore voluptas dolores voluptatibus.','1984-08-22 08:22:58'),
('50','50','50','Molestias debitis illo adipisci dolores ut itaque. Ut expedita ipsam hic totam fugiat aperiam velit. Aut deleniti fuga ad quis sed.','2016-07-16 19:01:06'),
('51','51','51','Occaecati quia sunt recusandae facere non. Velit ut eligendi magni et aut tempore. Enim suscipit quis qui recusandae voluptates nam.','1982-04-18 08:15:27'),
('52','52','52','A ex et ad aut consectetur accusantium incidunt. Ea et illum molestiae voluptas laboriosam. Veritatis illo sed exercitationem assumenda inventore voluptatibus. Quia tenetur alias in temporibus voluptates.','1996-10-02 12:20:37'),
('53','53','53','Numquam consequatur non expedita dignissimos. Inventore nostrum at rerum ducimus impedit qui aut. Quo rerum neque incidunt quia in dolor.','1982-08-11 17:22:10'),
('54','54','54','Molestiae perferendis nihil sunt quod a. Maxime sequi accusantium dolor numquam cumque non. Minima magnam vero velit alias est suscipit.','2012-04-02 14:25:53'),
('55','55','55','Minus ipsam est iure quasi necessitatibus et ut. Incidunt sit est adipisci et est eius. Debitis molestiae ut officia dignissimos rerum.','1993-12-23 03:54:13'),
('56','56','56','Ipsam ab illo iure voluptatem similique velit. Odit voluptatem nulla illum rerum adipisci. Omnis corrupti officia provident beatae consequuntur.','2012-05-11 17:37:46'),
('57','57','57','Sed id voluptates placeat. Qui culpa fuga itaque quis saepe in.','1971-12-22 06:06:41'),
('58','58','58','Enim eveniet nihil impedit at. Et quis fugiat voluptatibus id et. Labore cumque recusandae maxime dolore qui nemo. Minima pariatur repellat porro hic architecto et.','1997-09-16 19:37:45'),
('59','59','59','Magni soluta earum nemo nesciunt. Consequuntur est sed dolore ipsum dignissimos architecto facilis.','2018-12-30 12:04:30'),
('60','60','60','Nihil est et hic et inventore voluptatem temporibus. Nulla in vero asperiores sed eum quisquam architecto. Quibusdam dignissimos exercitationem aut rerum. Aliquid atque tempora explicabo rerum nam cumque assumenda. Quis aliquam non molestiae eum.','1972-07-15 12:55:07'),
('61','61','61','Nemo ut beatae dolorum quaerat et laboriosam enim. Deserunt enim qui quia est. Accusantium nemo autem pariatur excepturi aspernatur sunt.','2009-09-24 16:02:42'),
('62','62','62','Dolor inventore dolor ea eveniet reprehenderit autem. Eos ipsum ex dolor sunt voluptas. Consequatur eos autem aut eveniet nesciunt quos. Consequuntur consequatur deleniti et voluptas id beatae ad dolore.','2007-04-25 12:03:27'),
('63','63','63','Rerum sed ab officia sit error ratione quia eum. Dolorem hic delectus sed quod natus ea. Et sit doloremque minima in vel voluptas voluptas quaerat.','2009-01-08 16:59:06'),
('64','64','64','Iure id exercitationem ut et. Culpa debitis laborum beatae libero aspernatur ea illo itaque. Repellat eaque sit assumenda deserunt.','2005-10-02 17:43:37'),
('65','65','65','Ducimus illo magnam eveniet quis quae aut. Dolore modi soluta blanditiis placeat enim dolor quidem. Esse aut natus ad perspiciatis labore. Et mollitia mollitia est culpa assumenda accusantium.','2017-05-05 14:39:00'),
('66','66','66','Harum sapiente similique eius neque et sunt eius est. Soluta amet ea odio laudantium quisquam magnam impedit. Qui esse optio qui quibusdam voluptas.','2002-07-13 15:20:46'),
('67','67','67','Sapiente aut et molestias dolorem sit sed. Molestiae consequatur eius ex qui voluptatibus recusandae. Et aspernatur laudantium corrupti error minus ad. Consequatur tempora voluptatem fugit dolores autem perspiciatis totam. Culpa modi accusamus aliquid fugit suscipit eos.','2010-06-18 23:54:00'),
('68','68','68','Sapiente iste ipsam reprehenderit repudiandae. Labore nihil beatae necessitatibus fugit dolor eum. Ab placeat sint et quis. Velit sed sapiente quo ut velit non.','1980-03-05 06:24:29'),
('69','69','69','Illum unde atque quae quo id aut assumenda atque. Inventore voluptatem ut reprehenderit tempora dicta ad temporibus. Est et provident ad aut debitis eligendi.','2003-01-13 16:43:34'),
('70','70','70','Est delectus consequatur nemo ad et consectetur. Et porro ad aut unde quia. Corrupti autem odit est iure nesciunt odio.','2008-09-29 20:42:54'),
('71','71','71','Exercitationem nam illum id voluptatem facilis non laborum. Sint ex quia deserunt soluta omnis minima est. Autem nostrum molestiae nostrum et sit.','1994-06-11 23:07:48'),
('72','72','72','Sint error odit sint minus modi nisi quaerat. Laudantium odit est labore ut cupiditate. Ex consequatur tempora qui odit. Magni itaque qui ullam quae. Dolorem officia et dolore earum nihil quo quia.','1975-04-08 07:10:55'),
('73','73','73','Sint ut neque nostrum. Molestiae ut dolor dolor illo. Ipsam error quas velit enim corporis. Omnis distinctio dolor nemo maiores adipisci.','2003-01-16 18:34:48'),
('74','74','74','Similique est cupiditate ut veritatis sit. Sit qui accusantium iure vel a vel. Sint facere consequatur natus voluptatibus explicabo.','2020-09-07 03:44:01'),
('75','75','75','Quo sit officia sit voluptas ut. Voluptatem dolor esse iure vel numquam illum autem omnis. Maiores fugit nostrum omnis molestias ut at deserunt. Dignissimos voluptatem voluptatum vitae aperiam sapiente et error maiores.','1994-06-24 09:09:29'),
('76','76','76','Dolore id aut pariatur incidunt eaque consequatur. Rerum enim voluptas at asperiores sed. Aut inventore perferendis tenetur tempore omnis voluptas.','1978-08-12 07:15:23'),
('77','77','77','Perspiciatis eum error repellendus voluptatem. Itaque nesciunt in voluptatum magni earum minima et. Aut velit quo quis nesciunt est veritatis.','1992-02-18 01:17:35'),
('78','78','78','Animi vitae nihil eos est nihil possimus. Nisi a aliquam repellat laborum qui et. Sed exercitationem ut unde veniam.','1991-08-05 01:37:36'),
('79','79','79','Rerum itaque sequi incidunt eum officiis. Tenetur fugiat asperiores rerum harum maxime natus. Modi aspernatur aliquid in quis eos est. Quis voluptatem libero laboriosam ea repellendus facere doloribus.','2013-04-04 22:47:58'),
('80','80','80','Fuga occaecati est rerum provident. Molestias fuga aut magni molestias ad culpa. Et est possimus aut ea reprehenderit temporibus tenetur eligendi. Omnis sint necessitatibus eos aperiam voluptatem eos nobis repellat.','2018-01-25 16:02:05'),
('81','81','81','Modi blanditiis ipsum blanditiis vel. Sit aspernatur quos beatae ratione fugit autem. Nam voluptas magnam eveniet ut qui perspiciatis hic. Cum saepe voluptas accusamus.','1985-12-26 03:01:44'),
('82','82','82','Dolore doloribus repellendus aut ipsa. Earum quibusdam quam et eligendi iure quis. Eveniet veritatis recusandae dolor. Quisquam fugit eius quidem minus necessitatibus.','1970-01-19 09:31:08'),
('83','83','83','Iste mollitia natus fugiat quo esse. Veniam voluptatem sapiente ducimus enim natus quo. Tempora amet sed rerum suscipit sapiente.','1978-01-09 03:53:08'),
('84','84','84','Assumenda dolor molestias dignissimos pariatur. At maiores quaerat sit est perspiciatis adipisci. Omnis voluptatum dolorem aperiam blanditiis doloribus natus voluptatem. Eum eveniet a suscipit fugit suscipit quos. Accusantium sit quasi consequatur sit aut nam vel perspiciatis.','2012-08-22 11:35:05'),
('85','85','85','Dignissimos ad dolore dolor qui quod. Itaque nulla provident corporis optio. Accusantium distinctio quae consequatur enim ad eaque. Odio est delectus est vitae.','1973-08-29 11:56:55'),
('86','86','86','Et et deserunt perspiciatis qui repellendus soluta numquam. Voluptatem aut tempora et quia ipsa error qui quae. Incidunt ab aliquid exercitationem nihil quidem perspiciatis. Ipsam harum quod aut voluptas ut debitis.','2020-09-20 06:34:37'),
('87','87','87','Modi eveniet esse vitae voluptates totam perspiciatis. Molestias accusantium deserunt sunt sequi quia. Non sed error quos. Voluptatem nemo quasi suscipit occaecati explicabo facere ea non.','1970-04-18 20:04:36'),
('88','88','88','Et tenetur dolores perspiciatis rerum excepturi dignissimos. Id voluptatem cumque blanditiis quo cumque beatae. In mollitia ex voluptatibus et quia voluptatem quisquam. Facere et exercitationem rem qui repellat optio.','1977-05-16 00:50:44'),
('89','89','89','Id neque sint ducimus voluptas a dolor. Et nulla natus voluptatem. Natus illo placeat optio enim excepturi.','1987-03-16 03:31:21'),
('90','90','90','Veritatis iste omnis adipisci recusandae repudiandae est cum omnis. Accusantium et doloremque rerum rerum. Ut asperiores aperiam ex optio dolor.','1981-12-29 18:15:31'),
('91','91','91','Corporis dolore et velit sint. Non eius sint autem odio mollitia.','1981-08-04 07:22:41'),
('92','92','92','Dolorem ratione labore nemo enim qui. Mollitia sint doloremque ut odio ipsam quia. Tempora perferendis et voluptatem fuga eos. Omnis officiis saepe expedita cum aut distinctio qui.','2001-10-26 07:06:42'),
('93','93','93','Quia molestiae earum et qui. Iure molestias ut aliquam quae.','1990-06-04 02:58:34'),
('94','94','94','Sit sit aut ut quisquam quod natus. Totam sunt perspiciatis fuga aut quae iusto. Libero sed praesentium rerum alias.','2002-02-12 16:13:53'),
('95','95','95','Voluptatem minus ex quas reprehenderit. Alias voluptatem cumque ut enim laborum. Non amet numquam officiis modi totam.','1991-11-27 05:17:17'),
('96','96','96','Tenetur cupiditate aut quasi aut sunt. Vitae qui excepturi iure dolore nemo. Perferendis dolor officiis laboriosam atque sed eos consequatur. Soluta corrupti dolorem voluptas neque.','1986-06-20 17:25:22'),
('97','97','97','Nostrum non quas perferendis et incidunt. Velit officiis neque deserunt commodi at ut sit. Molestias dolor maiores eos itaque ut deleniti. Et voluptatem voluptatibus dolores voluptatem sequi. Et et iste et non.','1991-08-05 12:56:32'),
('98','98','98','Eius sapiente unde sint ipsa est. Rerum corporis labore aliquid fuga non eum. Perspiciatis et reiciendis voluptatum ut.','2014-04-27 06:00:45'),
('99','99','99','Voluptatem suscipit aut dolor distinctio aut consequatur. Et fugit itaque voluptas. Impedit itaque ab dolores soluta autem numquam. Ea rerum aspernatur aut.','2001-01-30 03:44:07'),
('100','100','100','Quia expedita aperiam perspiciatis necessitatibus qui. Dolor sed doloribus quasi in ex. Alias fugit perspiciatis magnam doloribus. Ea quia ut cupiditate eaque et totam voluptates. Itaque rerum eos ab velit debitis aliquam.','1971-04-28 23:52:25'); 


DROP TABLE IF EXISTS `photo_albums`;
CREATE TABLE `photo_albums` (
  `id` bigint(20) unsigned NOT NULL AUTO_INCREMENT,
  `name` varchar(255) COLLATE utf8_unicode_ci DEFAULT NULL,
  `user_id` bigint(20) unsigned DEFAULT NULL,
  PRIMARY KEY (`id`),
  UNIQUE KEY `id` (`id`),
  KEY `user_id` (`user_id`),
  CONSTRAINT `photo_albums_ibfk_1` FOREIGN KEY (`user_id`) REFERENCES `users` (`id`)
) ENGINE=InnoDB AUTO_INCREMENT=101 DEFAULT CHARSET=utf8 COLLATE=utf8_unicode_ci;

INSERT INTO `photo_albums` VALUES ('1','quaerat','1'),
('2','a','2'),
('3','ut','3'),
('4','ut','4'),
('5','provident','5'),
('6','quos','6'),
('7','accusamus','7'),
('8','delectus','8'),
('9','beatae','9'),
('10','aut','10'),
('11','suscipit','11'),
('12','hic','12'),
('13','quo','13'),
('14','voluptate','14'),
('15','quas','15'),
('16','provident','16'),
('17','nesciunt','17'),
('18','minima','18'),
('19','non','19'),
('20','voluptate','20'),
('21','iusto','21'),
('22','est','22'),
('23','quas','23'),
('24','eos','24'),
('25','voluptatibus','25'),
('26','quo','26'),
('27','libero','27'),
('28','sed','28'),
('29','illum','29'),
('30','quo','30'),
('31','id','31'),
('32','reiciendis','32'),
('33','similique','33'),
('34','labore','34'),
('35','enim','35'),
('36','earum','36'),
('37','minima','37'),
('38','magni','38'),
('39','nulla','39'),
('40','repellendus','40'),
('41','eaque','41'),
('42','vel','42'),
('43','dolorum','43'),
('44','culpa','44'),
('45','perspiciatis','45'),
('46','et','46'),
('47','quisquam','47'),
('48','minima','48'),
('49','ipsam','49'),
('50','molestiae','50'),
('51','architecto','51'),
('52','voluptatem','52'),
('53','quis','53'),
('54','dolores','54'),
('55','deleniti','55'),
('56','consequatur','56'),
('57','quam','57'),
('58','et','58'),
('59','rerum','59'),
('60','fuga','60'),
('61','rerum','61'),
('62','qui','62'),
('63','vero','63'),
('64','enim','64'),
('65','sed','65'),
('66','quis','66'),
('67','libero','67'),
('68','repellat','68'),
('69','porro','69'),
('70','quas','70'),
('71','voluptas','71'),
('72','eveniet','72'),
('73','impedit','73'),
('74','animi','74'),
('75','sint','75'),
('76','voluptatem','76'),
('77','totam','77'),
('78','quaerat','78'),
('79','quod','79'),
('80','eum','80'),
('81','corporis','81'),
('82','voluptas','82'),
('83','quia','83'),
('84','recusandae','84'),
('85','et','85'),
('86','esse','86'),
('87','inventore','87'),
('88','dolorem','88'),
('89','est','89'),
('90','eligendi','90'),
('91','voluptas','91'),
('92','qui','92'),
('93','soluta','93'),
('94','qui','94'),
('95','sapiente','95'),
('96','illum','96'),
('97','qui','97'),
('98','rerum','98'),
('99','consectetur','99'),
('100','porro','100'); 


DROP TABLE IF EXISTS `photos`;
CREATE TABLE `photos` (
  `id` bigint(20) unsigned NOT NULL AUTO_INCREMENT,
  `album_id` bigint(20) unsigned DEFAULT NULL,
  `media_id` bigint(20) unsigned NOT NULL,
  UNIQUE KEY `id` (`id`),
  KEY `album_id` (`album_id`),
  KEY `media_id` (`media_id`),
  CONSTRAINT `photos_ibfk_1` FOREIGN KEY (`album_id`) REFERENCES `photo_albums` (`id`),
  CONSTRAINT `photos_ibfk_2` FOREIGN KEY (`media_id`) REFERENCES `media` (`id`)
) ENGINE=InnoDB AUTO_INCREMENT=101 DEFAULT CHARSET=utf8 COLLATE=utf8_unicode_ci;

INSERT INTO `photos` VALUES ('1','1','1'),
('2','2','2'),
('3','3','3'),
('4','4','4'),
('5','5','5'),
('6','6','6'),
('7','7','7'),
('8','8','8'),
('9','9','9'),
('10','10','10'),
('11','11','11'),
('12','12','12'),
('13','13','13'),
('14','14','14'),
('15','15','15'),
('16','16','16'),
('17','17','17'),
('18','18','18'),
('19','19','19'),
('20','20','20'),
('21','21','21'),
('22','22','22'),
('23','23','23'),
('24','24','24'),
('25','25','25'),
('26','26','26'),
('27','27','27'),
('28','28','28'),
('29','29','29'),
('30','30','30'),
('31','31','31'),
('32','32','32'),
('33','33','33'),
('34','34','34'),
('35','35','35'),
('36','36','36'),
('37','37','37'),
('38','38','38'),
('39','39','39'),
('40','40','40'),
('41','41','41'),
('42','42','42'),
('43','43','43'),
('44','44','44'),
('45','45','45'),
('46','46','46'),
('47','47','47'),
('48','48','48'),
('49','49','49'),
('50','50','50'),
('51','51','51'),
('52','52','52'),
('53','53','53'),
('54','54','54'),
('55','55','55'),
('56','56','56'),
('57','57','57'),
('58','58','58'),
('59','59','59'),
('60','60','60'),
('61','61','61'),
('62','62','62'),
('63','63','63'),
('64','64','64'),
('65','65','65'),
('66','66','66'),
('67','67','67'),
('68','68','68'),
('69','69','69'),
('70','70','70'),
('71','71','71'),
('72','72','72'),
('73','73','73'),
('74','74','74'),
('75','75','75'),
('76','76','76'),
('77','77','77'),
('78','78','78'),
('79','79','79'),
('80','80','80'),
('81','81','81'),
('82','82','82'),
('83','83','83'),
('84','84','84'),
('85','85','85'),
('86','86','86'),
('87','87','87'),
('88','88','88'),
('89','89','89'),
('90','90','90'),
('91','91','91'),
('92','92','92'),
('93','93','93'),
('94','94','94'),
('95','95','95'),
('96','96','96'),
('97','97','97'),
('98','98','98'),
('99','99','99'),
('100','100','100'); 


DROP TABLE IF EXISTS `profiles`;
CREATE TABLE `profiles` (
  `user_id` bigint(20) unsigned NOT NULL,
  `gender` char(1) COLLATE utf8_unicode_ci DEFAULT NULL,
  `birthday` date DEFAULT NULL,
  `photo_id` bigint(20) unsigned DEFAULT NULL,
  `created_at` datetime DEFAULT current_timestamp(),
  `hometown` varchar(100) COLLATE utf8_unicode_ci DEFAULT NULL,
  UNIQUE KEY `user_id` (`user_id`),
  CONSTRAINT `fk_user_id` FOREIGN KEY (`user_id`) REFERENCES `users` (`id`) ON DELETE NO ACTION ON UPDATE CASCADE
) ENGINE=InnoDB DEFAULT CHARSET=utf8 COLLATE=utf8_unicode_ci;

INSERT INTO `profiles` VALUES ('1',NULL,'1988-11-01','1','1992-05-22 12:21:20',NULL),
('2',NULL,'1971-07-18','2','2009-05-18 01:32:42',NULL),
('3',NULL,'1971-03-27','3','2016-12-15 04:41:23',NULL),
('4',NULL,'2001-03-14','4','2008-04-26 22:49:02',NULL),
('5',NULL,'2004-06-11','5','2020-01-11 11:01:30',NULL),
('6',NULL,'2004-03-16','6','1992-03-27 06:40:20',NULL),
('7',NULL,'1970-01-19','7','1992-02-24 07:11:03',NULL),
('8',NULL,'1986-03-18','8','2006-10-26 13:02:55',NULL),
('9',NULL,'1988-10-16','9','1975-11-25 20:59:20',NULL),
('10',NULL,'2000-04-26','10','1970-01-09 00:18:05',NULL),
('11',NULL,'1982-04-27','11','1980-01-18 19:12:22',NULL),
('12',NULL,'2011-05-31','12','2012-09-17 14:16:13',NULL),
('13',NULL,'1999-10-06','13','2014-12-06 02:05:02',NULL),
('14',NULL,'2008-07-25','14','1974-04-01 05:05:23',NULL),
('15',NULL,'2007-03-10','15','2014-04-02 02:35:50',NULL),
('16',NULL,'2014-07-08','16','1978-08-02 12:06:08',NULL),
('17',NULL,'1988-09-06','17','1996-10-01 15:10:12',NULL),
('18',NULL,'2013-12-13','18','1981-06-02 08:20:55',NULL),
('19',NULL,'1989-08-21','19','1983-03-27 16:34:40',NULL),
('20',NULL,'2017-08-20','20','1975-04-07 02:54:04',NULL),
('21',NULL,'1984-10-09','21','1985-11-03 14:06:14',NULL),
('22',NULL,'2020-05-12','22','2001-05-27 17:13:46',NULL),
('23',NULL,'1995-05-13','23','1998-09-27 23:42:42',NULL),
('24',NULL,'1996-05-18','24','2001-11-19 01:39:34',NULL),
('25',NULL,'1974-02-17','25','1985-04-25 15:23:46',NULL),
('26',NULL,'2002-06-07','26','1995-08-18 19:27:01',NULL),
('27',NULL,'1980-10-03','27','1984-08-28 05:48:09',NULL),
('28',NULL,'2005-02-20','28','1986-11-30 19:19:53',NULL),
('29',NULL,'1995-10-25','29','2008-11-02 09:36:39',NULL),
('30',NULL,'1977-08-16','30','2001-09-05 19:10:58',NULL),
('31',NULL,'1996-12-04','31','1981-04-20 14:23:00',NULL),
('32',NULL,'1996-12-31','32','2016-06-21 14:15:51',NULL),
('33',NULL,'2016-05-13','33','1997-02-09 02:36:25',NULL),
('34',NULL,'2003-01-06','34','2001-07-13 16:33:32',NULL),
('35',NULL,'2010-03-27','35','1990-11-10 08:35:42',NULL),
('36',NULL,'1981-09-21','36','2013-04-08 04:42:45',NULL),
('37',NULL,'2008-03-12','37','1999-03-22 14:04:06',NULL),
('38',NULL,'1971-04-16','38','1991-10-19 13:39:14',NULL),
('39',NULL,'2009-08-03','39','1970-03-11 16:20:19',NULL),
('40',NULL,'1987-11-07','40','1985-11-26 10:33:28',NULL),
('41',NULL,'2015-02-18','41','1989-06-21 21:41:53',NULL),
('42',NULL,'1988-07-01','42','1984-05-03 12:14:20',NULL),
('43',NULL,'1997-07-08','43','1972-08-18 12:27:35',NULL),
('44',NULL,'2001-09-18','44','1970-03-15 05:25:44',NULL),
('45',NULL,'1976-01-26','45','2012-05-13 08:09:51',NULL),
('46',NULL,'2009-04-30','46','1981-01-09 21:31:39',NULL),
('47',NULL,'1980-04-12','47','1975-05-25 11:30:43',NULL),
('48',NULL,'2010-01-04','48','2005-08-21 07:22:13',NULL),
('49',NULL,'2000-10-20','49','1999-10-10 07:38:24',NULL),
('50',NULL,'2001-12-05','50','1977-06-18 14:53:13',NULL),
('51',NULL,'1998-05-15','51','1995-08-14 21:11:41',NULL),
('52',NULL,'1976-07-21','52','2007-10-05 17:37:49',NULL),
('53',NULL,'1986-12-15','53','1991-05-19 17:14:24',NULL),
('54',NULL,'2003-01-10','54','1994-01-09 18:57:31',NULL),
('55',NULL,'1979-06-01','55','1995-03-12 11:11:09',NULL),
('56',NULL,'1984-01-04','56','2001-01-25 14:10:36',NULL),
('57',NULL,'2003-05-15','57','2015-12-17 04:34:42',NULL),
('58',NULL,'1991-01-02','58','2014-08-08 18:46:02',NULL),
('59',NULL,'1990-03-20','59','1983-12-06 22:31:09',NULL),
('60',NULL,'2001-10-19','60','1976-05-07 14:46:25',NULL),
('61',NULL,'1980-05-06','61','1973-05-05 12:03:29',NULL),
('62',NULL,'2002-11-30','62','1970-01-16 11:21:40',NULL),
('63',NULL,'2015-05-09','63','2001-11-26 23:07:26',NULL),
('64',NULL,'1995-12-31','64','2013-01-25 10:41:56',NULL),
('65',NULL,'2000-04-10','65','1991-07-03 06:52:11',NULL),
('66',NULL,'1998-01-28','66','1990-12-31 13:53:03',NULL),
('67',NULL,'2000-12-16','67','2020-08-27 15:35:20',NULL),
('68',NULL,'2000-10-03','68','2010-01-31 12:45:03',NULL),
('69',NULL,'1985-09-30','69','1981-02-17 01:32:29',NULL),
('70',NULL,'2016-04-10','70','1980-02-13 21:06:57',NULL),
('71',NULL,'1978-03-27','71','2000-01-24 03:49:17',NULL),
('72',NULL,'1982-11-05','72','1981-07-01 11:20:35',NULL),
('73',NULL,'1977-04-25','73','1998-10-25 20:36:23',NULL),
('74',NULL,'1982-09-09','74','1978-11-17 05:19:34',NULL),
('75',NULL,'1971-04-13','75','1980-08-22 16:14:39',NULL),
('76',NULL,'2007-03-24','76','2019-06-12 04:02:22',NULL),
('77',NULL,'2009-02-07','77','2019-06-01 22:08:30',NULL),
('78',NULL,'1987-10-01','78','1984-08-15 13:49:14',NULL),
('79',NULL,'2002-10-28','79','2016-05-03 19:24:53',NULL),
('80',NULL,'2010-11-24','80','2000-02-02 23:52:25',NULL),
('81',NULL,'2013-05-22','81','1999-01-11 18:09:03',NULL),
('82',NULL,'1986-06-02','82','2018-05-28 21:31:58',NULL),
('83',NULL,'2013-06-14','83','2005-11-17 02:19:05',NULL),
('84',NULL,'2020-03-28','84','1997-02-21 13:35:45',NULL),
('85',NULL,'1983-02-12','85','2007-02-08 12:09:05',NULL),
('86',NULL,'1994-07-20','86','2000-04-27 11:05:25',NULL),
('87',NULL,'1975-04-17','87','2014-10-02 10:11:52',NULL),
('88',NULL,'2000-08-10','88','2011-06-04 18:26:14',NULL),
('89',NULL,'1996-05-31','89','2012-02-06 22:05:03',NULL),
('90',NULL,'1975-05-16','90','1996-09-07 14:34:06',NULL),
('91',NULL,'2013-11-17','91','2007-10-23 08:15:02',NULL),
('92',NULL,'1986-02-09','92','2020-11-13 23:03:47',NULL),
('93',NULL,'2003-02-03','93','1973-05-08 15:03:04',NULL),
('94',NULL,'1992-04-07','94','2019-11-14 06:37:37',NULL),
('95',NULL,'1994-11-11','95','1973-07-09 07:38:39',NULL),
('96',NULL,'1992-10-23','96','1993-06-20 06:21:26',NULL),
('97',NULL,'1986-05-31','97','2001-11-20 02:34:04',NULL),
('98',NULL,'1972-12-17','98','1974-11-02 22:25:16',NULL),
('99',NULL,'1997-01-01','99','1970-08-17 02:37:35',NULL),
('100',NULL,'1982-08-25','100','2017-07-24 07:12:09',NULL); 


DROP TABLE IF EXISTS `users`;
CREATE TABLE `users` (
  `id` bigint(20) unsigned NOT NULL AUTO_INCREMENT,
  `firstname` varchar(50) COLLATE utf8_unicode_ci DEFAULT NULL,
  `lastname` varchar(50) COLLATE utf8_unicode_ci DEFAULT NULL COMMENT '',
  `email` varchar(120) COLLATE utf8_unicode_ci DEFAULT NULL,
  `password_hash` varchar(100) COLLATE utf8_unicode_ci DEFAULT NULL,
  `phone` bigint(20) unsigned DEFAULT NULL,
  PRIMARY KEY (`id`),
  UNIQUE KEY `email` (`email`),
  UNIQUE KEY `phone` (`phone`),
  KEY `users_firstname_lastname_idx` (`firstname`,`lastname`)
) ENGINE=InnoDB AUTO_INCREMENT=101 DEFAULT CHARSET=utf8 COLLATE=utf8_unicode_ci COMMENT='';

INSERT INTO `users` VALUES ('1','Jillian','Weimann','champlin.jeffry@example.com','c1cf40d6ccc3dc32b3d8ad1ff4891e2fb4eb08c5','89507392912'),
('2','Hollis','Walsh','jessie.boehm@example.net','031c813f36504daa6aff5bdf0b31fae346d50cfc','89082034043'),
('3','D\'angelo','Mohr','nyasia.strosin@example.com','5b30d9f5fb63bf9095d88691b580f13d43ce15b1','89040935675'),
('4','Jeromy','Cassin','mboehm@example.org','a66c636fa1f84bf6738a6a6a1a0f2dfde07ad490','89899907456'),
('5','Thelma','Turner','whermann@example.com','e47ad017834f12716654197b519baa16687032d9','89170051378'),
('6','Duane','Tromp','ggoodwin@example.net','d37142986e362cc827bef7ad9b96c345c96fbb28','89910827544'),
('7','Monique','Nitzsche','ted42@example.net','4c2a7426fd451ba890f9d3b8226d0b6b34835ba4','89340441722'),
('8','Adolfo','Jaskolski','vonrueden.buster@example.com','0e293b9f880b39bd156aef7733bf1d1e23270cf6','89824687779'),
('9','Jennyfer','Okuneva','doyle26@example.net','6abb4519e1aff1d46bdc45c08e1c68d48aa86f95','89720024455'),
('10','Savion','Bergnaum','jamie.pollich@example.org','d066e03134478ed9f9ddcbcf8e3b57a3fc17fd7c','89097330431'),
('11','Elizabeth','Hickle','gage12@example.net','2781005ba8a29065b558341303b5a2de4ba34678','89891474226'),
('12','Alyce','Flatley','bhackett@example.org','ac804dc382c4a75ed001679388881b83222b424c','89655029175'),
('13','Margot','Smitham','tprice@example.org','511d4bee8438ae97297b24af72837220e5978333','89331403836'),
('14','Syble','Greenfelder','reinger.hillard@example.org','d94c23d0356e4b026e79373c39c194be5eebae43','89387674791'),
('15','Norene','Bogan','kattie.wyman@example.com','f710be2f693df96df4eb0bdfe78e9d30c9f28030','89552393552'),
('16','Paula','Dietrich','clara96@example.net','e369484f1795d83fd6b4a37953d3204d0df775c1','89670738768'),
('17','Ocie','Schinner','kmills@example.com','9a74045ae0e3e6040e434a178dfebe733fc931dc','89260854328'),
('18','Angeline','Schroeder','jamal.kozey@example.org','57a760b1303288cd230f62da0091f5c3cb7c8e36','89729700796'),
('19','Frank','O\'Connell','amos26@example.net','705e98a76842966babc428118450a053e9fad93d','89387245159'),
('20','Stanton','Buckridge','wintheiser.delphine@example.org','7322550eb33217c3463a517e905291cf7eb4b934','89630199811'),
('21','Hilma','Konopelski','bobby.braun@example.com','31524ed2ca95d7d08c028381121ecf681441a45b','89983879617'),
('22','Emelia','Larkin','jonas.zboncak@example.net','7123958a6777728b201e4a9c980fca7685171f9f','89556103422'),
('23','Fannie','Dickinson','grayce.emmerich@example.com','0cde9fd0547a86b164d6089fdf8fa6a1760b374d','89556183165'),
('24','Armand','Herman','elna.boyle@example.org','eade9e101444c9d90a798970b5edd23f8d65b9b3','89143940023'),
('25','Candelario','Weber','audra.stiedemann@example.com','d492f97ae0dc74d8abad43efec567f26d7fbf639','89970535099'),
('26','Margie','Volkman','angelita.kuphal@example.org','08d3856f2de9aabeeaa7ec56053fb61957374146','89816342496'),
('27','Garret','Collins','mcole@example.com','62b178d1753c8867a1a31b9ae4222137a95114be','89649464823'),
('28','Orville','Hyatt','lonzo83@example.net','867d929b50b898f70aa946fc38aaf8c87e2303ca','89205639936'),
('29','Vivian','Schimmel','adelbert.barton@example.com','bd75c10d05a03603d9bd4368d019e89fd32967c5','89473558333'),
('30','Karli','Boehm','jschimmel@example.org','7d7a4269fd9f86e809dec11855418f99730ad55a','89375899889'),
('31','Cheyanne','Rohan','hahn.jordan@example.org','1abcadb655e0a43b33f58ee569f6b9de64e2c445','89515056426'),
('32','Kacie','Hudson','palma.jones@example.com','bd80e49b7b09e81596d32ffdb50e780b8823aab7','89058343086'),
('33','Stevie','Wolff','trever.dietrich@example.com','bae55591b4fde2f6e61ed6afef8a5b6cd84de99d','89159021887'),
('34','Timothy','Anderson','ivory.o\'kon@example.org','99fbba01a1493d9c78bde35d951ed92335e356ac','89215354471'),
('35','Josephine','McGlynn','weimann.vicenta@example.org','8d56f4f89a40b67f47077022601f26fc06d072a7','89680791839'),
('36','Reuben','Flatley','xdeckow@example.com','7551cf4fa1de8b890cbf06b14ec5c0b28e3c3f56','89110045570'),
('37','Scot','Fay','bogisich.devin@example.org','2095bc3dda1f6964364abbdf1ae53b53c8df0b37','89432847544'),
('38','Hattie','Erdman','ollie26@example.net','4cbc52bb6ef918b2c3f35f6df1c7aeb8fcb73398','89688116382'),
('39','Modesto','Schowalter','grady.loy@example.com','f31cc5a5816d09661cd08bb22d7371e8038b7d4a','89010018016'),
('40','Elinore','Schowalter','lpfannerstill@example.net','cde6cdbe8f1399c9783854b06b26436d5cd38ae8','89466860305'),
('41','Brady','Hyatt','mayer.erin@example.net','d85f8dee0114d331cf55bfff2c323dcada993cff','89573455412'),
('42','Priscilla','Terry','erunolfsson@example.org','332753a4ef0cd8594e7b50870ef486964b2cd4ed','89019583599'),
('43','Sasha','Carter','fisher.lilla@example.org','92af78d52a56ab649cd514a0a911c2f1adde8438','89846796915'),
('44','Jena','Miller','o\'reilly.rory@example.org','1b5ba75155ed0a8702514789e0d95589e65315db','89453983895'),
('45','Laron','Hessel','sheridan09@example.org','b6a25591c3f806c3baad40ee139440041349ea10','89919401071'),
('46','Kelsi','Kuvalis','rsenger@example.net','3c04fdb965e6c23119b3e730e953299bca7e1407','89833106935'),
('47','Bernard','Rodriguez','hans85@example.com','2a344f2bcdb9a0bd303629a369e0723adb0d3a27','89867651539'),
('48','Carmine','Stark','erwin.cormier@example.com','d924cf4cc0fb99a751f632c704fb6700a5131a5d','89824884495'),
('49','Breana','Ondricka','brendan.romaguera@example.net','c1885b858c89a14f7685ee4da5a3c4e44ba6ea97','89632791253'),
('50','Juana','Lebsack','kilback.weldon@example.com','3178195287e45f2bd9f0f0f788a1f1a059b4a541','89814722792'),
('51','Davon','Keeling','block.carey@example.org','0dcace11e5b0313385a3fa35e0044157306374ea','89926824421'),
('52','Kiana','Huels','abigale.conroy@example.org','d6c87a9ef23ece5067cc8e3921d120b7978de891','89448765766'),
('53','Donny','Batz','rstoltenberg@example.com','a2bd136f60fa9a841a0167013093a8c4a4949d31','89529271347'),
('54','Mellie','Nader','rafael.west@example.org','85cfe535a9c32df50e6a1950a33ac6a209b5dd81','89666414229'),
('55','Frederic','Dickinson','herman38@example.org','a4b62d97007b4b68ca8a6dee44efb64630215e42','89418545888'),
('56','Jose','Rempel','croob@example.net','44f8427e4cd624c1626624d82b4c13062251facc','89424962534'),
('57','Arno','Schowalter','mayer.rhea@example.com','bb850427b5bd6ba61230e92c32e27694bef260e6','89728810800'),
('58','Earnestine','Padberg','smith.mercedes@example.net','b995deb0143fd05ab73c636bb6a3f8be6a0c7ba0','89870480822'),
('59','Lucas','Boyle','ibraun@example.net','5cb4f33bc66ecacce6c2cf45756ace911e59f5a8','89771625888'),
('60','Jennifer','Trantow','queen.herman@example.com','94ef70277e5744a2f647275924d6abd021323059','89854175810'),
('61','Darron','Dooley','nienow.brittany@example.net','ffb25f145acfef02a503ad0765dc2b8cd8f2edb2','89543786403'),
('62','Genesis','Cole','ztreutel@example.com','dce9030cc57f1e923acb232c61f65abc50048e3b','89710798506'),
('63','Ottis','Orn','kasey81@example.com','020a9b0f9ca182d96dc23cc8958d42ad19e79403','89627116205'),
('64','Howard','Bins','cole.myrtie@example.org','7b267b1b5a3dd871f263e8366324feaad102b36d','89127054492'),
('65','Kiel','Gusikowski','tremblay.emmalee@example.net','70c3a2d7823306d6a886a960bf7f8db783734152','89703894874'),
('66','Joana','Sanford','patricia.hickle@example.net','4155c7d014907a05702125f86bdbbb4d8684da8f','89235305205'),
('67','Connor','Morar','alanna39@example.org','c5181c588a53599bd510a480c75242fb3807043d','89295581603'),
('68','Lillie','Hirthe','nelson43@example.net','355f5d5051ed9b9e697b915372b10bd92c870051','89453716844'),
('69','Bruce','Little','breichel@example.org','d2a8d61ef757092155bf69b374798b25a364f329','89916452921'),
('70','Luisa','Hackett','herman.katarina@example.org','fc916f9f85def58486e8e2ccf8419e794ab44e3e','89805213813'),
('71','Liza','Kunde','darian92@example.com','39fbd647c453d58b48d8dfba5a5f9b7b6d8f7f66','89629792101'),
('72','Benedict','Heaney','fdibbert@example.net','487a467bd494dfe288347ee9e3afeec8136b9886','89170701528'),
('73','Jewel','Nolan','hoeger.beryl@example.com','8d05e830303a39f5590a4fa2854f6755eacc1513','89839351044'),
('74','Haskell','Stamm','claude.welch@example.net','6d094f3214d5d3480619fc317547e436aea37b63','89122193654'),
('75','Annamae','Predovic','cydney.ritchie@example.com','e970bde20b207203a35df82ed53395ec06dbe75b','89041137543'),
('76','Lucile','Rippin','velma28@example.com','7a7a9d4fe63ffebb7fbbf34cebdafaba98834f8f','89284402933'),
('77','Madge','Stiedemann','mcglynn.zoie@example.com','2177969e9f04717d676b62ced7f97ed8bde04056','89585204309'),
('78','Xavier','Raynor','aglae84@example.com','455771d6dc60a3ac27c39a7ff753598d41e9cdb0','89426511327'),
('79','Oda','Ledner','arowe@example.org','a20878d0601d97381f1ba448fc1a28bead725c8f','89444602405'),
('80','Marianne','Reilly','georgette98@example.net','af0b1c2e78d0cdcfbbc674b57e89afa85ba703c6','89764686702'),
('81','Casimir','Schamberger','haley.della@example.org','8b689b1d1a1605da64f720b9ab287f1d16385a8b','89405075450'),
('82','Corrine','Harber','destin24@example.com','fd4e7ccd6d2f5f42c6c4f0a4a9ec42b0a73eadbf','89335790357'),
('83','Andres','Reinger','pouros.arthur@example.net','54257c7d303a0067ae3c533d0716b5dce74a04fc','89850323117'),
('84','Aurelia','Marvin','jace.johns@example.net','985ab869f7a2e5038c6cdc604168207264bd0227','89466092209'),
('85','Kendall','Gutkowski','renner.osborne@example.com','37d767f1fecfc8291296efed388122baed11bc88','89400881148'),
('86','Daryl','Marks','beatty.selina@example.net','9d6257f4e57934f63f098ec6934c37318c71ceeb','89495402510'),
('87','Nicholas','Beer','paxton30@example.org','0c9b6bbe90c77d360cd1533704da4c3e2712dd94','89315313130'),
('88','Colt','Funk','rocio63@example.com','35fdb49da6482c03b2596c48bbe7a98a40287f28','89854014146'),
('89','Patience','Bergnaum','vonrueden.natalia@example.net','6e1d424355d08cf56b84e20135e9892f5d4fb4af','89402845621'),
('90','Theresia','Koelpin','adrianna27@example.org','64a687e1e22ab8953e8478322f267972f4053042','89740660583'),
('91','Hanna','Gerhold','stiedemann.hiram@example.org','5fdcff47c1ff9e9c5991b3ac45fac43772369ae2','89042697028'),
('92','Darius','Brown','welch.skyla@example.net','85942c72ade01cdce8eaa1e124aa088797d0c217','89082612899'),
('93','Karl','Marks','jblick@example.com','b1cf77fb27025dc60ef0ffffa021824b92bf2ebd','89414195852'),
('94','Ella','Kuhlman','khayes@example.org','1c01456976c09251d5f63dc6c20129918125346e','89707163586'),
('95','Haven','Donnelly','okuneva.elta@example.net','e1d6f76e33b1b600997d1168944482a2e03df9fb','89399288855'),
('96','Sabrina','Yost','stiedemann.micaela@example.com','8079ff492a820f5d3045bb5363e7e0ec32d7bcff','89888065340'),
('97','Ebony','Effertz','samantha98@example.com','66e518875c37e4e7e48ae6933637f4a3281be876','89896355841'),
('98','Blanca','Bailey','ydubuque@example.com','64bf28156ea2e12402f1eed59683d079d987ee11','89236998672'),
('99','Marianna','Koss','wwalsh@example.org','bcb627e65f4d962a45661d80d632e7d67992bcbc','89974967374'),
('100','Dewayne','Witting','boyle.sophia@example.net','5fbd905d52cf42dfe5cc53b0a185b5d931c18741','89283341789'); 


DROP TABLE IF EXISTS `users_communities`;
CREATE TABLE `users_communities` (
  `user_id` bigint(20) unsigned NOT NULL,
  `community_id` bigint(20) unsigned NOT NULL,
  PRIMARY KEY (`user_id`,`community_id`),
  KEY `community_id` (`community_id`),
  CONSTRAINT `users_communities_ibfk_1` FOREIGN KEY (`user_id`) REFERENCES `users` (`id`),
  CONSTRAINT `users_communities_ibfk_2` FOREIGN KEY (`community_id`) REFERENCES `communities` (`id`)
) ENGINE=InnoDB DEFAULT CHARSET=utf8 COLLATE=utf8_unicode_ci;

INSERT INTO `users_communities` VALUES ('1','1'),
('2','2'),
('3','3'),
('4','4'),
('5','5'),
('6','6'),
('7','7'),
('8','8'),
('9','9'),
('10','10'),
('11','11'),
('12','12'),
('13','13'),
('14','14'),
('15','15'),
('16','16'),
('17','17'),
('18','18'),
('19','19'),
('20','20'),
('21','21'),
('22','22'),
('23','23'),
('24','24'),
('25','25'),
('26','26'),
('27','27'),
('28','28'),
('29','29'),
('30','30'),
('31','31'),
('32','32'),
('33','33'),
('34','34'),
('35','35'),
('36','36'),
('37','37'),
('38','38'),
('39','39'),
('40','40'),
('41','41'),
('42','42'),
('43','43'),
('44','44'),
('45','45'),
('46','46'),
('47','47'),
('48','48'),
('49','49'),
('50','50'),
('51','51'),
('52','52'),
('53','53'),
('54','54'),
('55','55'),
('56','56'),
('57','57'),
('58','58'),
('59','59'),
('60','60'),
('61','61'),
('62','62'),
('63','63'),
('64','64'),
('65','65'),
('66','66'),
('67','67'),
('68','68'),
('69','69'),
('70','70'),
('71','71'),
('72','72'),
('73','73'),
('74','74'),
('75','75'),
('76','76'),
('77','77'),
('78','78'),
('79','79'),
('80','80'),
('81','81'),
('82','82'),
('83','83'),
('84','84'),
('85','85'),
('86','86'),
('87','87'),
('88','88'),
('89','89'),
('90','90'),
('91','91'),
('92','92'),
('93','93'),
('94','94'),
('95','95'),
('96','96'),
('97','97'),
('98','98'),
('99','99'),
('100','100'); 




/*!40101 SET SQL_MODE=@OLD_SQL_MODE */;
/*!40014 SET FOREIGN_KEY_CHECKS=@OLD_FOREIGN_KEY_CHECKS */;
/*!40014 SET UNIQUE_CHECKS=@OLD_UNIQUE_CHECKS */;
/*!40101 SET CHARACTER_SET_CLIENT=@OLD_CHARACTER_SET_CLIENT */;
/*!40101 SET CHARACTER_SET_RESULTS=@OLD_CHARACTER_SET_RESULTS */;
/*!40101 SET COLLATION_CONNECTION=@OLD_COLLATION_CONNECTION */;
/*!40111 SET SQL_NOTES=@OLD_SQL_NOTES */;

